temp,H,HSO4,SO4
298.15,0.126525,0.0734752,0.0265248
298.15,1.22384,0.776155,0.223845
298.15,7.62792,4.37208,1.62792
