tempK,pres,Sr,Na,K,Mg,Ca,H,Li,Rb,Cs,NH4,Ba,Cl,SO4,CO3,HCO3,Br,F,BOH4,HSO4,HS,OH
298.15,10.10325,0.0000943172117925121,0.486096399238332,0.0105780380610371,0,0,0,0,0,0,0.0547438862754154,0.0106578449325539,0.565772677692591,0.0292673563362303,0.000199517178791852,0.00192624767160861,0.000870620416546265,0.0000689241163099127,0.0000870620416546265,0,0,0
298.15,10.10325,0,0.5,0.5,0,0,0,0,0,0,0,0,1,0,0,0,0,0,0,0,0,0
