tempK,pres,Na,Ca,K,Sr,Cl,Br,F,Mg,MgOH,HSO4,SO4,CO2,HCO3,CO3,BOH3,BOH4,H,OH,osm,aw,gNa,gCa,gK,gSr,gCl,gBr,gF,gMg,gMgOH,gHSO4,gSO4,gCO2,gHCO3,gCO3,gBOH3,gBOH4,gH,gOH
2.981499999999999773e+02,1.010324999999999918e+01,4.860596999999999834e-01,1.065679999999999926e-02,1.057969999999999917e-02,9.399999999999999448e-05,5.657647000000000093e-01,8.727999999999999647e-04,7.079999999999999976e-05,5.473460579070462545e-02,7.494209295377285112e-06,9.987103098695477166e-10,2.926429900128969114e-02,5.569907006693563312e-06,1.843710308066658912e-03,1.887197849266472865e-04,2.772777026732159270e-04,1.530222973267840697e-04,3.585162288827667648e-09,6.638199330445254868e-06,9.050790345326122921e-01,9.812546677679684359e-01,6.375538894039828319e-01,1.978428603715965683e-01,5.968636487134105773e-01,1.940038867917761034e-01,6.923876260081510692e-01,7.182830746008903589e-01,5.743386025055033928e-01,2.045913515688566608e-01,8.790413408565730391e-01,8.004817414216353066e-01,1.100924437217570273e-01,1.138361666252708959e+00,5.770490410222733901e-01,1.012729408097052669e-01,1.007446695148809246e+00,3.992087180209519248e-01,7.259846654689215972e-01,5.748589825189628355e-01
