tempK,pres,Na,Ca,K,Sr,Cl,Br,F,Mg,MgOH,HSO4,SO4,CO2,HCO3,CO3,BOH3,BOH4,H,OH,osm,aw,gNa,gCa,gK,gSr,gCl,gBr,gF,gMg,gMgOH,gHSO4,gSO4,gCO2,gHCO3,gCO3,gBOH3,gBOH4,gH,gOH
2.981499999999999773e+02,1.010324999999999918e+01,4.860596999999999834e-01,1.065679999999999926e-02,1.057969999999999917e-02,9.399999999999999448e-05,5.657647000000000093e-01,8.727999999999999647e-04,7.079999999999999976e-05,5.473460578305285734e-02,7.494216947144527463e-06,9.987072848940395703e-10,2.926429900129271650e-02,5.569900112880108111e-06,1.843710199460924697e-03,1.887199004261951463e-04,2.772778260091888179e-04,1.530221739908111788e-04,3.585157148950428546e-09,6.638192613108986480e-06,9.050790345156126682e-01,9.812546677684247376e-01,6.375538894361065800e-01,1.978428604269105162e-01,5.968636487345312380e-01,1.940038867870521322e-01,6.923876259495858054e-01,7.182830745217486657e-01,5.743386024549169688e-01,2.045913515857931408e-01,8.790413407819990255e-01,8.004817413024245543e-01,1.100924437093067643e-01,1.138361666250247595e+00,5.770490409702435652e-01,1.012729407973784190e-01,1.007446695148809468e+00,3.992087180015404524e-01,7.259846654330445181e-01,5.748589824680304661e-01
