tempK,pres,Na,Ca,K,Sr,Cl,Br,F,Mg,MgOH,HSO4,SO4,CO2,HCO3,CO3,BOH3,BOH4,H,OH,osm,aw,gNa,gCa,gK,gSr,gCl,gBr,gF,gMg,gMgOH,gHSO4,gSO4,gCO2,gHCO3,gCO3,gBOH3,gBOH4,gH,gOH
2.981499999999999773e+02,1.010324999999999918e+01,4.860596999999999834e-01,1.065679999999999926e-02,1.057969999999999917e-02,9.399999999999999448e-05,5.657647000000000093e-01,8.727999999999999647e-04,7.079999999999999976e-05,5.473473086011706318e-02,7.369139882938691155e-06,1.015670514677001674e-09,2.926429898432948706e-02,5.823280034029616508e-06,1.841294664805807240e-03,1.908820551601629698e-04,2.789462955691030693e-04,1.513537044308969274e-04,3.643107456344128151e-09,6.523039337954649251e-06,9.050834078189859966e-01,9.812545798875406122e-01,6.375860721632850003e-01,1.986856871914244871e-01,5.906284329825723933e-01,1.940013182038758666e-01,6.922887059071112237e-01,7.157293367277497431e-01,5.743698969225740081e-01,2.046177960036626164e-01,8.790888958025036004e-01,8.005252732032527296e-01,1.100912480959920364e-01,1.138361706493480785e+00,5.939628502382034991e-01,1.011998690487136698e-01,1.007446695147812266e+00,3.992304978861038189e-01,7.266189607285082896e-01,5.751989057112262271e-01
