tempK,pres,Na,t_Mg,Ca,K,Sr,Cl,t_HSO4,t_H2CO3,Br,t_BOH3,F
298.15,10.10325,0.4860597,0.0547421,0.0106568,0.0105797,0.0000940,0.5657647,0.0292643,0.002038,0.0008728,0.0004303,0.0000708
