tempK,pres,Na,Mg,Ca,K,Sr,Cl,SO4,HCO3,Br,CO3,BOH4,F,OH,BOH3,CO2
298.15,10.10325,0.4860597,0.0547421,0.0106568,0.0105797,0.0000940,0.5657647,0.0292643,0.0017803,0.0008728,0.0002477,0.0001045,0.0000708,0.0000082,0.0003258,0.0000100
298.15,10.10325,0.4860597,0.0547421,0.0106568,0.0105797,0.0000940,0.5657647,0.0292643,0.0017803,0.0008728,0.0002477,0.0001045,0.0000708,0.0000082,0.0003258,0.0000100
