tempK,pres,Na,Cl,osm,aw,gNa,gCl
2.981499999999999773e+02,1.013250000000000028e+01,1.000000000000000056e-01,1.000000000000000056e-01,9.325272141474745258e-01,9.966457425802087711e-01,7.776754470047468892e-01,7.776754470047468892e-01
2.981499999999999773e+02,1.013250000000000028e+01,1.000000000000000000e+00,1.000000000000000000e+00,9.363157822441853240e-01,9.668272375746089775e-01,6.571915652104390881e-01,6.571915652104390881e-01
2.981499999999999773e+02,1.013250000000000028e+01,2.000000000000000000e+00,2.000000000000000000e+00,9.838263693294705403e-01,9.315601402954302168e-01,6.684378987862462651e-01,6.684378987862462651e-01
2.981499999999999773e+02,1.013250000000000028e+01,3.000000000000000000e+00,3.000000000000000000e+00,1.044505060744423730e+00,8.932394865654256222e-01,7.135052168773390324e-01,7.135052168773390324e-01
2.981499999999999773e+02,1.013250000000000028e+01,5.000000000000000000e+00,5.000000000000000000e+00,1.190157334726421823e+00,8.070199871045151685e-01,8.726076859684070985e-01,8.726076859684070985e-01
